"match_date","fighter_1","fighter_2","win_prob_1","win_prob_2","moneyline_fighter_1","moneyline_fighter_2","result_fighter_1","result_fighter_2"
"2025_03_15","AJ Cunningham","SuYoung You","0.18","0.82","+400","-450","Loss","Win"
"2025_03_15","Andre Lima","Daniel Barez","0.72","0.28","-500","+450","Win","Loss"
"2025_03_15","Brendson Ribeiro","Diyar Nurgozhay","0.27","0.73","+375","-420","Win","Loss"
"2025_03_15","Carli Judice","Yuneisy Duben","0.66","0.34","-270","+240","Win","Loss"
"2025_03_15","Josias Musasa","Carlos Vera","0.79","0.21","-750","+550","Loss","Win"
"2025_03_15","Kevin Vallejos","SeungWoo Choi","0.77","0.23","-450","+450","Win","Loss"
"2025_03_15","Priscila Cachoeira","Josiane Nunes","0.35","0.65","+152","-155","Win","Loss"
"2025_03_15","Ryan Spann","Waldo Cortes-Acosta","0.4","0.6","+200","-220","Loss","Win"
"2025_03_15","Sam Hughes","Stephanie Luciano","0.35","0.65","+145","-160","Win","Loss"
