league,market,game_date,game_time,home_team,away_team,game_id,home_prob,away_prob,away_projected_goals,home_projected_goals,total_projected_goals,away_puck_line,home_puck_line,total,away_dk_puck_line_american,home_dk_puck_line_american,dk_total_over_american,dk_total_under_american,away_dk_moneyline_american,home_dk_moneyline_american,away_dk_decimal_moneyline,home_dk_decimal_moneyline,away_fair_decimal_moneyline,home_fair_decimal_moneyline,home_juiced_prob_moneyline,away_juiced_prob_moneyline,home_juiced_decimal_moneyline,away_juiced_decimal_moneyline,home_normalized_prob_moneyline,away_normalized_prob_moneyline,home_edge_decimal_moneyline,away_edge_decimal_moneyline,home_raw_edge_decimal_moneyline,away_raw_edge_decimal_moneyline,home_edge_pct_moneyline,away_edge_pct_moneyline,home_ml_edge_pct,away_ml_edge_pct,home_ml_ev,away_ml_ev,home_ml_kelly,away_ml_kelly
hockey,NHL,2026_03_17,07:07 PM,Toronto Maple Leafs,New York Islanders,2026_03_17_New_York_Islanders_Toronto_Maple_Leafs,0.475,0.525,3.12,2.84,5.96,-1.5,1.5,5.5,180.0,-218.0,-135.0,114.0,-142.0,120.0,1.704225352112676,2.2,1.9047619047619049,2.1052631578947367,0.5136245674740485,0.5627612820237967,1.9469473684210523,1.776952380952381,0.4771751391136035,0.5228248608863966,0.0497853060499278,-0.10898861736262,0.0449999999999999,-0.1052816901408451,0.0226296845681489,-0.0639519986177357,4.9785306049927796,-10.898861736261999,0.04499999999999993,-0.1052816901408451,0.037500000000000026,0.0
hockey,NHL,2026_03_17,07:07 PM,Columbus Blue Jackets,Carolina Hurricanes,2026_03_17_Carolina_Hurricanes_Columbus_Blue_Jackets,0.429,0.571,3.58,2.82,6.4,-1.5,1.5,6.5,180.0,-218.0,-105.0,-115.0,-135.0,114.0,1.7407407407407407,2.14,1.7513134851138354,2.331002331002331,0.4616377918863661,0.5565302144249512,2.166200466200466,1.7968476357267953,0.4534004103692241,0.5465995896307757,-0.0297231218098603,-0.0485118254575386,-0.08194,-0.0060370370370371,-0.013889309256944,-0.0278684954756073,-2.97231218098603,-4.8511825457538595,-0.08194000000000001,-0.006037037037037174,0.0,0.0
hockey,NHL,2026_03_17,07:07 PM,Montreal Canadiens,Boston Bruins,2026_03_17_Boston_Bruins_Montreal_Canadiens,0.588,0.412,2.72,3.67,6.39,1.5,-1.5,6.5,-170.0,142.0,100.0,-120.0,142.0,-170.0,2.42,1.5882352941176472,2.4271844660194177,1.7006802721088436,0.5832754687035017,0.417511147142278,1.7144557823129252,2.3951456310679613,0.5828170156038377,0.4171829843961623,-0.0743494458056694,0.0095828222387126,-0.0661176470588235,-0.00296,-0.0468126140257918,0.0039598439002945,-7.434944580566941,0.9582822238712599,-0.0661176470588235,-0.0029600000000000737,0.0,0.0
hockey,NHL,2026_03_17,07:37 PM,Chicago Blackhawks,Minnesota Wild,2026_03_17_Minnesota_Wild_Chicago_Blackhawks,0.367,0.633,3.61,2.47,6.08,-1.5,1.5,5.5,142.0,-170.0,-135.0,114.0,-175.0,145.0,1.5714285714285714,2.45,1.5797788309636651,2.724795640326976,0.420775051593671,0.5779766252739226,2.376566757493189,1.730173775671406,0.4213009713419024,0.5786990286580975,0.032187379787661,-0.0906158121087039,-0.10085,-0.0052857142857143,0.01313770603578,-0.0576646077055388,3.2187379787661,-9.06158121087039,-0.10085,-0.005285714285714338,0.0,0.0
hockey,NHL,2026_03_17,08:07 PM,Winnipeg Jets,Nashville Predators,2026_03_17_Nashville_Predators_Winnipeg_Jets,0.554,0.446,2.66,3.24,5.9,1.5,-1.5,5.5,-218.0,180.0,-125.0,105.0,114.0,-135.0,2.14,1.7407407407407407,2.242152466367713,1.8050541516245489,0.5748676974162084,0.4592729893934713,1.7395306859205777,2.177354260089686,0.5558892564121746,0.4441107435878254,-0.0323409240232517,-0.0496030087220537,-0.0356296296296295,-0.0455599999999999,-0.0185788286942084,-0.0231789760383428,-3.23409240232517,-4.960300872205369,-0.03562962962962957,-0.045559999999999934,0.0,0.0
hockey,NHL,2026_03_17,09:07 PM,Edmonton Oilers,San Jose Sharks,2026_03_17_San_Jose_Sharks_Edmonton_Oilers,0.643,0.357,2.88,4.07,6.95,1.5,-1.5,6.5,-162.0,136.0,-148.0,124.0,145.0,-175.0,2.45,1.5714285714285714,2.801120448179272,1.5552099533437014,0.6378335482591013,0.3617754357519254,1.5678071539657854,2.7641456582633057,0.6380830489335272,0.3619169510664728,0.0027019340383998,-0.1133034698871415,0.0104285714285714,-0.1253499999999999,0.0017194125698908,-0.0462463142396495,0.27019340383998,-11.330346988714151,0.010428571428571454,-0.12534999999999996,0.018250000000000044,0.0
hockey,NHL,2026_03_17,10:07 PM,Vegas Golden Knights,Buffalo Sabres,2026_03_17_Buffalo_Sabres_Vegas_Golden_Knights,0.534,0.466,2.95,3.31,6.26,1.5,-1.5,6.5,-218.0,180.0,-110.0,-110.0,105.0,-125.0,2.05,1.8,2.145922746781116,1.8726591760299625,0.555729004058695,0.483051725925158,1.7994382022471909,2.070171673819743,0.5349820111385136,0.4650179888614864,-0.0370323799506754,-0.046713122833953,-0.0387999999999999,-0.0447,-0.0205735444170419,-0.0227868891872941,-3.7032379950675396,-4.6713122833953,-0.038799999999999946,-0.04470000000000007,0.0,0.0
hockey,NHL,2026_03_17,10:07 PM,Vancouver Canucks,Florida Panthers,2026_03_17_Florida_Panthers_Vancouver_Canucks,0.406,0.594,3.71,2.7,6.41,-1.5,1.5,5.5,170.0,-205.0,-130.0,110.0,-148.0,124.0,1.6756756756756757,2.24,1.6835016835016836,2.463054187192118,0.4390138408304498,0.6367241933754958,2.2778325123152707,1.5705387205387205,0.4081047865473188,0.5918952134526811,-0.0858452781340057,-0.0081755882684803,-0.0905599999999998,-0.0046486486486486,-0.0383237848812526,-0.0048789800957059,-8.584527813400571,-0.8175588268480299,-0.09055999999999986,-0.004648648648648668,0.0,0.0
hockey,NHL,2026_03_17,10:07 PM,Seattle Kraken,Tampa Bay Lightning,2026_03_17_Tampa_Bay_Lightning_Seattle_Kraken,0.374,0.626,3.47,2.34,5.81,-1.5,1.5,6.5,130.0,-155.0,110.0,-130.0,-185.0,154.0,1.5405405405405406,2.54,1.597444089456869,2.6737967914438503,0.4299839043458266,0.6456936565239814,2.325668449197861,1.5487220447284349,0.3997330798628314,0.6002669201371686,0.0153220228515917,-0.0752644743832807,-0.0500399999999999,-0.0356216216216216,0.0060322924612566,-0.0488558868803752,1.53220228515917,-7.52644743832807,-0.05003999999999997,-0.035621621621621635,0.0,0.0
